id,first_name,last_name,email,phone,created_at
1,Lani,Rollins,blandit@quam.com,1-633-389-7173,Thu May 10 2012 17:53:40 GMT+0700 (Indochina Time)
2,McKenzie,Burris,mauris.Morbi.non@nequeNullam.com,1-906-235-0832,Sat Jul 06 2013 21:23:09 GMT+0700 (Indochina Time)
3,Amethyst,Morgan,dui@magnis.ca,1-548-366-6273,Sun Jun 17 2012 03:28:33 GMT+0700 (Indochina Time)
4,Lamar,Hardin,pharetra.felis.eget@mattisInteger.com,1-519-693-8091,Mon Dec 02 2013 21:45:30 GMT+0700 (Indochina Time)
5,Keegan,Coleman,leo.Cras.vehicula@musProinvel.edu,1-998-626-8896,Fri Nov 16 2012 07:55:29 GMT+0700 (Indochina Time)
6,Marshall,Griffith,egestas.Aliquam@Proinvelnisl.edu,1-554-353-5053,Sat Sep 15 2012 05:57:44 GMT+0700 (Indochina Time)
7,Jonah,Deleon,Donec.tincidunt.Donec@dolor.org,1-782-671-2356,Sat Dec 14 2013 06:29:38 GMT+0700 (Indochina Time)
8,Jackson,Howell,eleifend@Nuncullamcorpervelit.ca,1-323-738-0807,Mon Feb 04 2013 00:49:27 GMT+0700 (Indochina Time)
9,Kieran,Edwards,a.enim@perinceptoshymenaeos.com,1-695-830-5757,Fri Aug 17 2012 15:23:51 GMT+0700 (Indochina Time)
10,Fiona,Howard,ut.quam@loremfringillaornare.org,1-494-585-2386,Sun Feb 17 2013 19:23:46 GMT+0700 (Indochina Time)
11,Vincent,Guizot,vincent@yahoo.com,1-235-789,Sun Feb 07 2021 17:20:08 GMT+0700 (Indochina Time)